Handle,Title,Body (HTML),Vendor,Product Category,Type,Tags,Published,Option1 Name,Option1 Value,Variant SKU,Variant Grams,Variant Inventory Tracker,Variant Inventory Qty,Variant Inventory Policy,Variant Fulfillment Service,Variant Price,Variant Barcode,Image Src,Image Position,SEO Title,SEO Description,Status
borgring-t-b-v-1-slagmoersleutel,"BORGRING T.B.V. 1"" SLAGMOERSLEUTEL",,SP Tools,,AirTools,"SP Tools, AirTools",FALSE,Title,Default Title,193GE-10,0,shopify,0,continue,manual,5.7371,,,,"BORGRING T.B.V. 1"" SLAGMOERSLEUTEL","BORGRING T.B.V. 1"" SLAGMOERSLEUTEL van SP Tools. Professioneel gereedschap voor werkplaats en industrie.",draft
o-ring-voor-1-slagmoersleutel,"O-RING VOOR 1"" SLAGMOERSLEUTEL",,SP Tools,,AirTools,"SP Tools, AirTools",FALSE,Title,Default Title,193GE-11,0,shopify,0,continue,manual,2.5544,,,,"O-RING VOOR 1"" SLAGMOERSLEUTEL","O-RING VOOR 1"" SLAGMOERSLEUTEL van SP Tools. Professioneel gereedschap voor werkplaats en industrie.",draft
gear-box-ass-y-for-sp81356,GEAR BOX ASS'Y FOR SP81356,,SP Tools,,Speciality Products,"SP Tools, Speciality Products",FALSE,Title,Default Title,1GEAA229,0,shopify,0,continue,manual,29.87,,,,GEAR BOX ASS'Y FOR SP81356,GEAR BOX ASS'Y FOR SP81356 van SP Tools. Professioneel gereedschap voor werkplaats en industrie.,draft
behuizing-l-r-tbv-18v-accu-slagmoersleutel-sp81127,BEHUIZING L&R TBV 18V ACCU SLAGMOERSLEUTEL SP81127,,SP Tools,,Speciality Products,"SP Tools, Speciality Products",FALSE,Title,Default Title,1HOUB151,0,shopify,0,continue,manual,65.6316,,,,BEHUIZING L&R TBV 18V ACCU SLAGMOERSLEUTEL SP81127,BEHUIZING L&R TBV 18V ACCU SLAGMOERSLEUTEL SP81127 van SP Tools. Professioneel gereedschap voor werkplaats en industrie.,draft
behuizing-tbv-18v-accu-slagmoersleutel-sp81130,BEHUIZING TBV 18V ACCU SLAGMOERSLEUTEL SP81130,,SP Tools,,Speciality Products,"SP Tools, Speciality Products",FALSE,Title,Default Title,1HOUB81130,0,shopify,0,continue,manual,79.0628,,,,BEHUIZING TBV 18V ACCU SLAGMOERSLEUTEL SP81130,BEHUIZING TBV 18V ACCU SLAGMOERSLEUTEL SP81130 van SP Tools. Professioneel gereedschap voor werkplaats en industrie.,draft
behuizing-tbv-18v-accu-slagmoersleutel-sp81133,BEHUIZING TBV 18V ACCU SLAGMOERSLEUTEL SP81133,,SP Tools,,Speciality Products,"SP Tools, Speciality Products",FALSE,Title,Default Title,1HOUB81133,0,shopify,0,continue,manual,67.5989,,,,BEHUIZING TBV 18V ACCU SLAGMOERSLEUTEL SP81133,BEHUIZING TBV 18V ACCU SLAGMOERSLEUTEL SP81133 van SP Tools. Professioneel gereedschap voor werkplaats en industrie.,draft
behuizing-l-r-tbv-sp81130,BEHUIZING L&R TBV SP81130,,SP Tools,,Speciality Products,"SP Tools, Speciality Products",FALSE,Title,Default Title,1HOUE010,0,shopify,0,continue,manual,67.5989,,,,BEHUIZING L&R TBV SP81130,BEHUIZING L&R TBV SP81130 van SP Tools. Professioneel gereedschap voor werkplaats en industrie.,draft
aandrijf-vierkant-neusstuk-tbv-sp81130,AANDRIJF VIERKANT(NEUSSTUK) TBV SP81130,,SP Tools,,PowerTools,"SP Tools, PowerTools",FALSE,Title,Default Title,1IMAA136,0,shopify,0,continue,manual,29.9524,,,,AANDRIJF VIERKANT(NEUSSTUK) TBV SP81130,AANDRIJF VIERKANT(NEUSSTUK) TBV SP81130 van SP Tools. Professioneel gereedschap voor werkplaats en industrie.,draft
motor-tbv-sp81130-sp81140,MOTOR TBV SP81130/SP81140,,SP Tools,,PowerTools,"SP Tools, PowerTools",FALSE,Title,Default Title,1MOTA349,0,shopify,0,continue,manual,199.0578,,,,MOTOR TBV SP81130/SP81140,MOTOR TBV SP81130/SP81140 van SP Tools. Professioneel gereedschap voor werkplaats en industrie.,draft
motor-tbv-sp83130-sp83140,MOTOR TBV SP83130/SP83140,,SP Tools,,PowerTools,"SP Tools, PowerTools",FALSE,Title,Default Title,1MOTA537,0,shopify,0,continue,manual,204.97,,,,MOTOR TBV SP83130/SP83140,MOTOR TBV SP83130/SP83140 van SP Tools. Professioneel gereedschap voor werkplaats en industrie.,draft
ratelkop-tbv-sp81614,RATELKOP TBV SP81614,,SP Tools,,PowerTools,"SP Tools, PowerTools",FALSE,Title,Default Title,1SHAA108,0,shopify,0,continue,manual,115.6999,,,,RATELKOP TBV SP81614,RATELKOP TBV SP81614 van SP Tools. Professioneel gereedschap voor werkplaats en industrie.,draft
trigger-tbv-sp81128,TRIGGER TBV SP81128,,SP Tools,,PowerTools,"SP Tools, PowerTools",FALSE,Title,Default Title,1SWIB021,0,shopify,0,continue,manual,88.477,,,,TRIGGER TBV SP81128,TRIGGER TBV SP81128 van SP Tools. Professioneel gereedschap voor werkplaats en industrie.,draft
trigger-tbv-sp81127,TRIGGER TBV SP81127,,SP Tools,,PowerTools,"SP Tools, PowerTools",FALSE,Title,Default Title,1SWIB046,0,shopify,0,continue,manual,88.477,,,,TRIGGER TBV SP81127,TRIGGER TBV SP81127 van SP Tools. Professioneel gereedschap voor werkplaats en industrie.,draft
switch-compleet-tbv-sp83130-sp83140,SWITCH COMPLEET TBV SP83130/SP83140,,SP Tools,,PowerTools,"SP Tools, PowerTools",FALSE,Title,Default Title,1SWIB055,0,shopify,0,continue,manual,88.477,,,,SWITCH COMPLEET TBV SP83130/SP83140,SWITCH COMPLEET TBV SP83130/SP83140 van SP Tools. Professioneel gereedschap voor werkplaats en industrie.,draft
400cc-vetkoker-voor-sp81512,400CC-VETKOKER VOOR SP81512,,SP Tools,,Speciality Products,"SP Tools, Speciality Products",FALSE,Title,Default Title,1TUBA001-C,0,shopify,0,continue,manual,54.6621,,,,400CC-VETKOKER VOOR SP81512,400CC-VETKOKER VOOR SP81512 van SP Tools. Professioneel gereedschap voor werkplaats en industrie.,draft
losse-boorkop,LOSSE BOORKOP,,SP Tools,,PowerTools,"SP Tools, PowerTools",FALSE,Title,Default Title,2CHUA040,0,shopify,0,continue,manual,25.5234,,,,LOSSE BOORKOP,LOSSE BOORKOP van SP Tools. Professioneel gereedschap voor werkplaats en industrie.,draft
behuizing-l-r-tbv-18v-accu-slagmoersleutel-sp81128,BEHUIZING L&R TBV 18V ACCU SLAGMOERSLEUTEL SP81128,,SP Tools,,Speciality Products,"SP Tools, Speciality Products",FALSE,Title,Default Title,2HOUE036,0,shopify,0,continue,manual,67.5989,,,,BEHUIZING L&R TBV 18V ACCU SLAGMOERSLEUTEL SP81128,BEHUIZING L&R TBV 18V ACCU SLAGMOERSLEUTEL SP81128 van SP Tools. Professioneel gereedschap voor werkplaats en industrie.,draft
behuizing-l-r-tbv-18v-accu-polijstmachine-sp81358,BEHUIZING L&R TBV 18V ACCU POLIJSTMACHINE SP81358,,SP Tools,,Speciality Products,"SP Tools, Speciality Products",FALSE,Title,Default Title,2HOUE037,0,shopify,0,continue,manual,56.1453,,,,BEHUIZING L&R TBV 18V ACCU POLIJSTMACHINE SP81358,BEHUIZING L&R TBV 18V ACCU POLIJSTMACHINE SP81358 van SP Tools. Professioneel gereedschap voor werkplaats en industrie.,draft
pcb-assy-onderdeel,PCB ASSY ONDERDEEL,,SP Tools,,PowerTools,"SP Tools, PowerTools",FALSE,Title,Default Title,2PCBA436-B,0,shopify,0,continue,manual,134.7549,,,,PCB ASSY ONDERDEEL,PCB ASSY ONDERDEEL van SP Tools. Professioneel gereedschap voor werkplaats en industrie.,draft
steunschijf-tbv-sp81355,STEUNSCHIJF TBV SP81355,"<h2>BACKING PAD FOR SP81356</h2>
<p>Professioneel SP Tools product voor werkplaats en industrie.</p>",SP Tools,,Products,"SP Tools, Products, Speciality Products",FALSE,Title,Default Title,2WHEA016,0,shopify,0,continue,manual,19.2404,,,,STEUNSCHIJF TBV SP81355,STEUNSCHIJF TBV SP81355 van SP Tools. Professioneel gereedschap voor werkplaats en industrie.,draft
steunschijf-tbv-sp81358,STEUNSCHIJF TBV SP81358,"<h2>BACKING PAD FOR SP81358</h2>
<p>Professioneel SP Tools product voor werkplaats en industrie.</p>",SP Tools,,Products,"SP Tools, Products, Speciality Products",FALSE,Title,Default Title,2WHEA030,0,shopify,0,continue,manual,28.8709,,,,STEUNSCHIJF TBV SP81358,STEUNSCHIJF TBV SP81358 van SP Tools. Professioneel gereedschap voor werkplaats en industrie.,draft
slot-met-sleutels-voor-usa-gereedschapwagen,SLOT MET SLEUTELS VOOR USA GEREEDSCHAPWAGEN,,SP Tools,,Speciality Products,"SP Tools, Speciality Products",FALSE,Title,Default Title,44726LS,0,shopify,0,continue,manual,29.1799,,,,SLOT MET SLEUTELS VOOR USA GEREEDSCHAPWAGEN,SLOT MET SLEUTELS VOOR USA GEREEDSCHAPWAGEN van SP Tools. Professioneel gereedschap voor werkplaats en industrie.,draft
slot-met-sleutels-voor-hoge-kasten-sumo-workshop-series,SLOT MET SLEUTELS VOOR HOGE KASTEN SUMO WORKSHOP SERIES,,SP Tools,,Speciality Products,"SP Tools, Speciality Products",FALSE,Title,Default Title,45540LS,0,shopify,0,continue,manual,29.1799,,,,SLOT MET SLEUTELS VOOR HOGE KASTEN SUMO WORKSHOP SERIES,SLOT MET SLEUTELS VOOR HOGE KASTEN SUMO WORKSHOP SERIES van SP Tools. Professioneel gereedschap voor werkplaats en industrie.,draft
slot-met-sleutels-voor-lage-kasten-sumo-workshop-series,SLOT MET SLEUTELS VOOR LAGE KASTEN SUMO WORKSHOP SERIES,,SP Tools,,Speciality Products,"SP Tools, Speciality Products",FALSE,Title,Default Title,45557LS,0,shopify,0,continue,manual,29.1799,,,,SLOT MET SLEUTELS VOOR LAGE KASTEN SUMO WORKSHOP SERIES,SLOT MET SLEUTELS VOOR LAGE KASTEN SUMO WORKSHOP SERIES van SP Tools. Professioneel gereedschap voor werkplaats en industrie.,draft
o-ring-voor-1-2-slagmoersleutel,"O-RING VOOR 1/2"" SLAGMOERSLEUTEL",,SP Tools,,AirTools,"SP Tools, AirTools",FALSE,Title,Default Title,7146-30,0,shopify,0,continue,manual,1.9055,,,,"O-RING VOOR 1/2"" SLAGMOERSLEUTEL","O-RING VOOR 1/2"" SLAGMOERSLEUTEL van SP Tools. Professioneel gereedschap voor werkplaats en industrie.",draft
borgring-t-b-v-1-2-slagmoersleutel,"BORGRING T.B.V. 1/2"" SLAGMOERSLEUTEL",,SP Tools,,AirTools,"SP Tools, AirTools",FALSE,Title,Default Title,7146-31,0,shopify,0,continue,manual,3.8213,,,,"BORGRING T.B.V. 1/2"" SLAGMOERSLEUTEL","BORGRING T.B.V. 1/2"" SLAGMOERSLEUTEL van SP Tools. Professioneel gereedschap voor werkplaats en industrie.",draft
o-ring-voor-3-8-slagmoersleutel,"O-RING VOOR 3/8"" SLAGMOERSLEUTEL",,SP Tools,,AirTools,"SP Tools, AirTools",FALSE,Title,Default Title,7146S-30,0,shopify,0,continue,manual,1.9055,,,,"O-RING VOOR 3/8"" SLAGMOERSLEUTEL","O-RING VOOR 3/8"" SLAGMOERSLEUTEL van SP Tools. Professioneel gereedschap voor werkplaats en industrie.",draft
borgring-t-b-v-3-8-slagmoersleutel,"BORGRING T.B.V. 3/8"" SLAGMOERSLEUTEL",,SP Tools,,AirTools,"SP Tools, AirTools",FALSE,Title,Default Title,7146S-31,0,shopify,0,continue,manual,3.8213,,,,"BORGRING T.B.V. 3/8"" SLAGMOERSLEUTEL","BORGRING T.B.V. 3/8"" SLAGMOERSLEUTEL van SP Tools. Professioneel gereedschap voor werkplaats en industrie.",draft
borgring-t-b-v-3-4-slagmoersleutel,"BORGRING T.B.V. 3/4"" SLAGMOERSLEUTEL",,SP Tools,,AirTools,"SP Tools, AirTools",FALSE,Title,Default Title,7150-1,0,shopify,0,continue,manual,5.0985,,,,"BORGRING T.B.V. 3/4"" SLAGMOERSLEUTEL","BORGRING T.B.V. 3/4"" SLAGMOERSLEUTEL van SP Tools. Professioneel gereedschap voor werkplaats en industrie.",draft
o-ring-voor-3-4-slagmoersleutel,"O- RING VOOR 3/4"" SLAGMOERSLEUTEL",,SP Tools,,AirTools,"SP Tools, AirTools",FALSE,Title,Default Title,7150-2,0,shopify,0,continue,manual,2.4205,,,,"O- RING VOOR 3/4"" SLAGMOERSLEUTEL","O- RING VOOR 3/4"" SLAGMOERSLEUTEL van SP Tools. Professioneel gereedschap voor werkplaats en industrie.",draft
adapter-verloop-au-eu,ADAPTER VERLOOP AU-EU,,SP Tools,,Speciality Products,"SP Tools, Speciality Products",FALSE,Title,Default Title,ADAPTERAU-EU,0,shopify,0,continue,manual,7.1997,,,,ADAPTER VERLOOP AU-EU,ADAPTER VERLOOP AU-EU van SP Tools. Professioneel gereedschap voor werkplaats en industrie.,draft
anvil-kit-tbv-sp7760,ANVIL KIT TBV SP7760,,SP Tools,,AirTools,"SP Tools, AirTools",FALSE,Title,Default Title,AK-7760,0,shopify,0,continue,manual,35.0715,,,,ANVIL KIT TBV SP7760,ANVIL KIT TBV SP7760 van SP Tools. Professioneel gereedschap voor werkplaats en industrie.,draft
anvil-kit-deluxe-tbv-sp7760,ANVIL KIT DELUXE TBV SP7760,,SP Tools,,AirTools,"SP Tools, AirTools",FALSE,Title,Default Title,AK-7760DL,0,shopify,0,continue,manual,54.1986,,,,ANVIL KIT DELUXE TBV SP7760,ANVIL KIT DELUXE TBV SP7760 van SP Tools. Professioneel gereedschap voor werkplaats en industrie.,draft
anvil-kit-tbv-sp7762,ANVIL KIT TBV SP7762,,SP Tools,,AirTools,"SP Tools, AirTools",FALSE,Title,Default Title,AK-7762,0,shopify,0,continue,manual,35.0715,,,,ANVIL KIT TBV SP7762,ANVIL KIT TBV SP7762 van SP Tools. Professioneel gereedschap voor werkplaats en industrie.,draft
anvil-kit-deluxe-tbv-sp7762,ANVIL KIT DELUXE TBV SP7762,,SP Tools,,AirTools,"SP Tools, AirTools",FALSE,Title,Default Title,AK-7762DL,0,shopify,0,continue,manual,54.1986,,,,ANVIL KIT DELUXE TBV SP7762,ANVIL KIT DELUXE TBV SP7762 van SP Tools. Professioneel gereedschap voor werkplaats en industrie.,draft
1-4-bit-adaptor-1-4m-1-4m,1/4 BIT ADAPTOR (1/4M - 1/4M),"<h2>BIT 1/4 ADAPTOR</h2>
<p>1/4 bit adaptor</p>",SP Tools,,Products,"SP Tools, Products, HandTools",FALSE,Title,Default Title,BIT-ADAPTOR,0,shopify,0,continue,manual,1.545,,https://sptools.eu/9673/14-bit-sl4-saw-cut.jpg,1,1/4 BIT ADAPTOR (1/4M - 1/4M),1/4 BIT ADAPTOR (1/4M - 1/4M) van SP Tools. Professioneel gereedschap voor werkplaats en industrie.,draft
1-4-bit-h2-inbus,1/4 BIT H2 INBUS,"<h2>BIT 1/4 H2 INHEX</h2>
<p>1/4 BIT H2 INHEX</p>",SP Tools,,Products,"SP Tools, Products, HandTools",FALSE,Title,Default Title,BIT-H2,0,shopify,0,continue,manual,1.545,,https://sptools.eu/9726/14-bit-h2-inhex.jpg,1,1/4 BIT H2 INBUS,1/4 BIT H2 INBUS van SP Tools. Professioneel gereedschap voor werkplaats en industrie.,draft
1-4-bit-h2-5-inbus,1/4 BIT H2.5 INBUS,"<h2>BIT 1/4 H2.5 INHEX</h2>
<p>1/4 BIT 2.5 INHEX</p>",SP Tools,,Products,"SP Tools, Products, HandTools",FALSE,Title,Default Title,BIT-H2.5,0,shopify,0,continue,manual,1.545,,https://sptools.eu/9727/14-bit-h25-inhex.jpg,1,1/4 BIT H2.5 INBUS,1/4 BIT H2.5 INBUS van SP Tools. Professioneel gereedschap voor werkplaats en industrie.,draft
1-4-bit-h3-inbus,1/4 BIT H3 INBUS,"<h2>BIT 1/4 H3 INHEX</h2>
<p>1/4 BIT H3 INHEX</p>",SP Tools,,Products,"SP Tools, Products, HandTools",FALSE,Title,Default Title,BIT-H3,0,shopify,0,continue,manual,1.545,,https://sptools.eu/9728/14-bit-h3-inhex.jpg,1,1/4 BIT H3 INBUS,1/4 BIT H3 INBUS van SP Tools. Professioneel gereedschap voor werkplaats en industrie.,draft
1-4-bit-h4-inbus,1/4 BIT H4 INBUS,"<h2>BIT 1/4 H4 INHEX</h2>
<p>1/4 BIT H4 INHEX</p>",SP Tools,,Products,"SP Tools, Products, HandTools",FALSE,Title,Default Title,BIT-H4,0,shopify,0,continue,manual,1.545,,https://sptools.eu/9733/14-bit-h4-inhex.jpg,1,1/4 BIT H4 INBUS,1/4 BIT H4 INBUS van SP Tools. Professioneel gereedschap voor werkplaats en industrie.,draft
1-4-bit-h5-inbus,1/4 BIT H5 INBUS,"<h2>BIT 1/4 H5 INHEX</h2>
<p>1/4 BIT H5 INHEX</p>",SP Tools,,Products,"SP Tools, Products, HandTools",FALSE,Title,Default Title,BIT-H5,0,shopify,0,continue,manual,1.545,,https://sptools.eu/9732/14-bit-h5-inhex.jpg,1,1/4 BIT H5 INBUS,1/4 BIT H5 INBUS van SP Tools. Professioneel gereedschap voor werkplaats en industrie.,draft
1-4-bit-h6-inbus,1/4 BIT H6 INBUS,"<h2>BIT 1/4 H6 INHEX</h2>
<p>1/4 BIT H6 INHEX</p>",SP Tools,,Products,"SP Tools, Products, HandTools",FALSE,Title,Default Title,BIT-H6,0,shopify,0,continue,manual,1.545,,https://sptools.eu/9731/14-bit-h6-inhex.jpg,1,1/4 BIT H6 INBUS,1/4 BIT H6 INBUS van SP Tools. Professioneel gereedschap voor werkplaats en industrie.,draft
1-4-bit-h7-inbus,1/4 BIT H7 INBUS,"<h2>BIT 1/4 H7 INHEX</h2>
<p>1/4 BIT H7 INHEX</p>",SP Tools,,Products,"SP Tools, Products, HandTools",FALSE,Title,Default Title,BIT-H7,0,shopify,0,continue,manual,1.545,,https://sptools.eu/9730/14-bit-h7-inhex.jpg,1,1/4 BIT H7 INBUS,1/4 BIT H7 INBUS van SP Tools. Professioneel gereedschap voor werkplaats en industrie.,draft
1-4-bit-h8-inbus,1/4 BIT H8 INBUS,"<h2>BIT 1/4 H8 INHEX</h2>
<p>1/4 BIT H8 INHEX</p>",SP Tools,,Products,"SP Tools, Products, HandTools",FALSE,Title,Default Title,BIT-H8,0,shopify,0,continue,manual,1.545,,https://sptools.eu/9729/14-bit-h8-inhex.jpg,1,1/4 BIT H8 INBUS,1/4 BIT H8 INBUS van SP Tools. Professioneel gereedschap voor werkplaats en industrie.,draft
1-4-bit-m5-spline,1/4 BIT M5 SPLINE,"<h2>BIT 1/4 M5 SPLINE</h2>
<p>1/4 BIT M5 SPLINE</p>",SP Tools,,Products,"SP Tools, Products, HandTools",FALSE,Title,Default Title,BIT-M5,0,shopify,0,continue,manual,1.545,,https://sptools.eu/9713/14-bit-m5-spline.jpg,1,1/4 BIT M5 SPLINE,1/4 BIT M5 SPLINE van SP Tools. Professioneel gereedschap voor werkplaats en industrie.,draft
1-4-bit-m6-spline,1/4 BIT M6 SPLINE,"<h2>BIT 1/4 M6 SPLINE</h2>
<p>1/4 BIT M6 SPLINE</p>",SP Tools,,Products,"SP Tools, Products, HandTools",FALSE,Title,Default Title,BIT-M6,0,shopify,0,continue,manual,1.545,,https://sptools.eu/9712/14-bit-m6-spline.jpg,1,1/4 BIT M6 SPLINE,1/4 BIT M6 SPLINE van SP Tools. Professioneel gereedschap voor werkplaats en industrie.,draft
1-4-bit-m8-spline,1/4 BIT M8 SPLINE,"<h2>BIT 1/4 M8 SPLINE</h2>
<p>1/4 BIT M8 SPLINE</p>",SP Tools,,Products,"SP Tools, Products, HandTools",FALSE,Title,Default Title,BIT-M8,0,shopify,0,continue,manual,1.545,,https://sptools.eu/9711/14-bit-m8-spline.jpg,1,1/4 BIT M8 SPLINE,1/4 BIT M8 SPLINE van SP Tools. Professioneel gereedschap voor werkplaats en industrie.,draft
1-4-bit-ph1-phillips,1/4 BIT PH1 PHILLIPS,"<h2>BIT 1/4  PH1 PHILLIPS</h2>
<p>1/4 BIT PH1 PHILLIPS</p>",SP Tools,,Products,"SP Tools, Products, HandTools",FALSE,Title,Default Title,BIT-PH1,0,shopify,0,continue,manual,1.545,,https://sptools.eu/9704/14-bit-ph1-phillips.jpg,1,1/4 BIT PH1 PHILLIPS,1/4 BIT PH1 PHILLIPS van SP Tools. Professioneel gereedschap voor werkplaats en industrie.,draft
1-4-bit-ph1-90mm-lang,1/4 BIT PH1 90MM LANG,"<h2>BIT 1/4 PH1 90MM LONG</h2>
<p>1/4 BIT PH1 90MM LONG</p>",SP Tools,,Products,"SP Tools, Products, HandTools",FALSE,Title,Default Title,BIT-PH1L,0,shopify,0,continue,manual,1.545,,https://sptools.eu/9710/14-bit-ph1-90mm-long.jpg,1,1/4 BIT PH1 90MM LANG,1/4 BIT PH1 90MM LANG van SP Tools. Professioneel gereedschap voor werkplaats en industrie.,draft
1-4-bit-ph2-phillips,1/4 BIT PH2 PHILLIPS,"<h2>BIT 1/4 PH2 PHILLIPS</h2>
<p>1/4 BIT PH2 PHILLIPS</p>",SP Tools,,Products,"SP Tools, Products, HandTools",FALSE,Title,Default Title,BIT-PH2,0,shopify,0,continue,manual,1.545,,https://sptools.eu/9706/14-bit-ph2-phillips.jpg,1,1/4 BIT PH2 PHILLIPS,1/4 BIT PH2 PHILLIPS van SP Tools. Professioneel gereedschap voor werkplaats en industrie.,draft
1-4-bit-ph2-90mm-lang,1/4 BIT PH2 90MM LANG,"<h2>BIT 1/4 PH2 90MM LONG</h2>
<p>1/4 BIT PH2 90MM LONG</p>",SP Tools,,Products,"SP Tools, Products, HandTools",FALSE,Title,Default Title,BIT-PH2L,0,shopify,0,continue,manual,1.545,,https://sptools.eu/9707/14-bit-ph2-90mm-long.jpg,1,1/4 BIT PH2 90MM LANG,1/4 BIT PH2 90MM LANG van SP Tools. Professioneel gereedschap voor werkplaats en industrie.,draft
1-4-bit-ph3-phillips,1/4 BIT PH3 PHILLIPS,"<h2>BIT 1/4 PH3 PHILLIPS</h2>
<p>1/4 BIT PH3 PHILLIPS</p>",SP Tools,,Products,"SP Tools, Products, HandTools",FALSE,Title,Default Title,BIT-PH3,0,shopify,0,continue,manual,1.545,,https://sptools.eu/9709/14-bit-ph3-phillips.jpg,1,1/4 BIT PH3 PHILLIPS,1/4 BIT PH3 PHILLIPS van SP Tools. Professioneel gereedschap voor werkplaats en industrie.,draft
1-4-bit-ph3-90mm-lang,1/4 BIT PH3 90MM LANG,"<h2>BIT 1/4 PH3 90MM LONG</h2>
<p>1/4 BIT PH3 90MM LONG</p>",SP Tools,,Products,"SP Tools, Products, HandTools",FALSE,Title,Default Title,BIT-PH3L,0,shopify,0,continue,manual,1.545,,https://sptools.eu/9708/14-bit-ph3-90mm-long.jpg,1,1/4 BIT PH3 90MM LANG,1/4 BIT PH3 90MM LANG van SP Tools. Professioneel gereedschap voor werkplaats en industrie.,draft
1-4-bit-pz1-pozi-drive,1/4 BIT PZ1 POZI DRIVE,"<h2>BIT 1/4 PZ1 POZI DRIVE</h2>
<p>1/4 BIT PZ1 POZI DRIVE</p>",SP Tools,,Products,"SP Tools, Products, HandTools",FALSE,Title,Default Title,BIT-PZ1,0,shopify,0,continue,manual,1.545,,https://sptools.eu/9686/14-bit-pz1-pozi-drive.jpg,1,1/4 BIT PZ1 POZI DRIVE,1/4 BIT PZ1 POZI DRIVE van SP Tools. Professioneel gereedschap voor werkplaats en industrie.,draft
1-4-bit-pz2-pozi-drive,1/4 BIT PZ2 POZI DRIVE,"<h2>BIT 1/4 PZ2 POZI DRIVE</h2>
<p>1/4 BIT PZ2 POZI DRIVE</p>",SP Tools,,Products,"SP Tools, Products, HandTools",FALSE,Title,Default Title,BIT-PZ2,0,shopify,0,continue,manual,1.545,,https://sptools.eu/9687/14-bit-pz2-pozi-drive.jpg,1,1/4 BIT PZ2 POZI DRIVE,1/4 BIT PZ2 POZI DRIVE van SP Tools. Professioneel gereedschap voor werkplaats en industrie.,draft
1-4-bit-pz3-pozi-drive,1/4 BIT PZ3 POZI DRIVE,"<h2>BIT 1/4 PZ3 POZI DRIVE</h2>
<p>1/4 BIT PZ3 POZI DRIVE</p>",SP Tools,,Products,"SP Tools, Products, HandTools",FALSE,Title,Default Title,BIT-PZ3,0,shopify,0,continue,manual,1.545,,https://sptools.eu/9688/14-bit-pz3-pozi-drive.jpg,1,1/4 BIT PZ3 POZI DRIVE,1/4 BIT PZ3 POZI DRIVE van SP Tools. Professioneel gereedschap voor werkplaats en industrie.,draft
1-4-bit-s0-vierkante-bits,1/4 BIT S0 VIERKANTE BITS,"<h2>BIT 1/4 S0 SQUARE BITS</h2>
<p>1/4 BIT S0 SQUARE BITS</p>",SP Tools,,Products,"SP Tools, Products, HandTools",FALSE,Title,Default Title,BIT-S0,0,shopify,0,continue,manual,1.545,,https://sptools.eu/9692/14-bit-s0-square-bits.jpg,1,1/4 BIT S0 VIERKANTE BITS,1/4 BIT S0 VIERKANTE BITS van SP Tools. Professioneel gereedschap voor werkplaats en industrie.,draft
1-4-bit-s1-vierkante-bits,1/4 BIT S1 VIERKANTE BITS,"<h2>BIT 1/4 S1 SQUARE BITS</h2>
<p>1/4 BIT S1 SQUARE BITS</p>",SP Tools,,Products,"SP Tools, Products, HandTools",FALSE,Title,Default Title,BIT-S1,0,shopify,0,continue,manual,1.545,,https://sptools.eu/9691/14-bit-s1-square-bits.jpg,1,1/4 BIT S1 VIERKANTE BITS,1/4 BIT S1 VIERKANTE BITS van SP Tools. Professioneel gereedschap voor werkplaats en industrie.,draft
1-4-bit-s2-vierkante-bits,1/4 BIT S2 VIERKANTE BITS,"<h2>BIT 1/4 S2 SQUARE BITS</h2>
<p>1/4 BIT S2 SQUARE BITS</p>",SP Tools,,Products,"SP Tools, Products, HandTools",FALSE,Title,Default Title,BIT-S2,0,shopify,0,continue,manual,1.545,,https://sptools.eu/9690/14-bit-s2-square-bits.jpg,1,1/4 BIT S2 VIERKANTE BITS,1/4 BIT S2 VIERKANTE BITS van SP Tools. Professioneel gereedschap voor werkplaats en industrie.,draft
1-4-bit-s3-vierkante-bits,1/4 BIT S3 VIERKANTE BITS,"<h2>BIT 1/4 S3 SQUARE BITS</h2>
<p>1/4 BIT S3 SQUARE BITS</p>",SP Tools,,Products,"SP Tools, Products, HandTools",FALSE,Title,Default Title,BIT-S3,0,shopify,0,continue,manual,1.545,,https://sptools.eu/9689/14-bit-s3-square-bits.jpg,1,1/4 BIT S3 VIERKANTE BITS,1/4 BIT S3 VIERKANTE BITS van SP Tools. Professioneel gereedschap voor werkplaats en industrie.,draft
1-4-bit-sl3-zaagsnede,1/4 BIT SL3 ZAAGSNEDE,"<h2>BIT 1/4 SL3 SAW CUT</h2>
<p>1/4 BIT SL3 SAW CUT</p>",SP Tools,,Products,"SP Tools, Products, HandTools",FALSE,Title,Default Title,BIT-SL3,0,shopify,0,continue,manual,1.545,,https://sptools.eu/9661/14-bit-sl4-saw-cut.jpg,1,1/4 BIT SL3 ZAAGSNEDE,1/4 BIT SL3 ZAAGSNEDE van SP Tools. Professioneel gereedschap voor werkplaats en industrie.,draft
1-4-bit-sl4-zaagsnede,1/4 BIT SL4 ZAAGSNEDE,"<h2>BIT 1/4 SL4 SAW CUT</h2>
<p>1/4 BIT SL4 SAW CUT</p>",SP Tools,,Products,"SP Tools, Products, HandTools",FALSE,Title,Default Title,BIT-SL4,0,shopify,0,continue,manual,1.545,,https://sptools.eu/9674/14-bit-sl4-saw-cut.jpg,1,1/4 BIT SL4 ZAAGSNEDE,1/4 BIT SL4 ZAAGSNEDE van SP Tools. Professioneel gereedschap voor werkplaats en industrie.,draft
1-4-bit-sl4-5-zaagsnede,1/4 BIT SL4.5 ZAAGSNEDE,"<h2>BIT 1/4 SL4.5 SAW CUT</h2>
<p>1/4 BIT SL4.5 SAW CUT</p>",SP Tools,,Products,"SP Tools, Products, HandTools",FALSE,Title,Default Title,BIT-SL4.5,0,shopify,0,continue,manual,1.545,,https://sptools.eu/9685/14-bit-sl4-saw-cut.jpg,1,1/4 BIT SL4.5 ZAAGSNEDE,1/4 BIT SL4.5 ZAAGSNEDE van SP Tools. Professioneel gereedschap voor werkplaats en industrie.,draft
1-4-bit-sl5-5-zaagsnede,1/4 BIT SL5.5 ZAAGSNEDE,"<h2>BIT 1/4 SL5.5 SAW CUT</h2>
<p>1/4 BIT SL5.5 SAW CUT</p>",SP Tools,,Products,"SP Tools, Products, HandTools",FALSE,Title,Default Title,BIT-SL5.5,0,shopify,0,continue,manual,1.545,,https://sptools.eu/9684/14-bit-sl4-saw-cut.jpg,1,1/4 BIT SL5.5 ZAAGSNEDE,1/4 BIT SL5.5 ZAAGSNEDE van SP Tools. Professioneel gereedschap voor werkplaats en industrie.,draft
1-4-bit-sl6-5-zaagsnede,1/4 BIT SL6.5 ZAAGSNEDE,"<h2>BIT 1/4 SL6.5 SAW CUT</h2>
<p>1/4 BIT SL6.5 SAW CUT</p>",SP Tools,,Products,"SP Tools, Products, HandTools",FALSE,Title,Default Title,BIT-SL6.5,0,shopify,0,continue,manual,1.545,,https://sptools.eu/9660/14-bit-sl4-saw-cut.jpg,1,1/4 BIT SL6.5 ZAAGSNEDE,1/4 BIT SL6.5 ZAAGSNEDE van SP Tools. Professioneel gereedschap voor werkplaats en industrie.,draft
1-4-bit-socket-adaptor-25mm,1/4 BIT SOCKET ADAPTOR 25MM,"<h2>BIT 1/4 SOCKET ADAPTOR 25MM</h2>
<p>1/4 BIT SOCKET</p>",SP Tools,,Products,"SP Tools, Products, HandTools",FALSE,Title,Default Title,BIT-SOCKET,0,shopify,0,continue,manual,1.545,,https://sptools.eu/9675/14-bit-sl4-saw-cut.jpg,1,1/4 BIT SOCKET ADAPTOR 25MM,1/4 BIT SOCKET ADAPTOR 25MM van SP Tools. Professioneel gereedschap voor werkplaats en industrie.,draft
1-4-bit-t10-torx,1/4 BIT T10 TORX,"<h2>BIT 1/4 T10 TORX</h2>
<p>1/4 BIT T10 TORX</p>",SP Tools,,Products,"SP Tools, Products, HandTools",FALSE,Title,Default Title,BIT-T10,0,shopify,0,continue,manual,1.545,,https://sptools.eu/9680/14-bit-t10-torx.jpg,1,1/4 BIT T10 TORX,1/4 BIT T10 TORX van SP Tools. Professioneel gereedschap voor werkplaats en industrie.,draft
1-4-bit-torx-10-hol,1/4 BIT TORX 10 HOL,"<h2>BIT 1/4 10 HOLE TORX</h2>
<p>1/4 BIT TORX 10 HOLE</p>",SP Tools,,Products,"SP Tools, Products, HandTools",FALSE,Title,Default Title,BIT-T10H,0,shopify,0,continue,manual,1.545,,https://sptools.eu/9699/14-bit-torx-10-hole.jpg,1,1/4 BIT TORX 10 HOL,1/4 BIT TORX 10 HOL van SP Tools. Professioneel gereedschap voor werkplaats en industrie.,draft
1-4-bit-t15-torx,1/4 BIT T15 TORX,"<h2>BIT 1/4 T15 TORX</h2>
<p>1/4 BIT T15 TORX</p>",SP Tools,,Products,"SP Tools, Products, HandTools",FALSE,Title,Default Title,BIT-T15,0,shopify,0,continue,manual,1.545,,https://sptools.eu/9681/14-bit-t15-torx.jpg,1,1/4 BIT T15 TORX,1/4 BIT T15 TORX van SP Tools. Professioneel gereedschap voor werkplaats en industrie.,draft
1-4-bit-torx-15-hol,1/4 BIT TORX 15 HOL,"<h2>BIT 1/4 15 HOLE TORX</h2>
<p>1/4 BIT TORX 15 HOLE</p>",SP Tools,,Products,"SP Tools, Products, HandTools",FALSE,Title,Default Title,BIT-T15H,0,shopify,0,continue,manual,1.545,,https://sptools.eu/9694/14-bit-torx-15-hole.jpg,1,1/4 BIT TORX 15 HOL,1/4 BIT TORX 15 HOL van SP Tools. Professioneel gereedschap voor werkplaats en industrie.,draft
1-4-bit-t20-torx,1/4 BIT T20 TORX,"<h2>BIT 1/4 T20 TORX</h2>
<p>1/4 BIT T20 TORX</p>",SP Tools,,Products,"SP Tools, Products, HandTools",FALSE,Title,Default Title,BIT-T20,0,shopify,0,continue,manual,1.545,,https://sptools.eu/9695/14-bit-t20-torx.jpg,1,1/4 BIT T20 TORX,1/4 BIT T20 TORX van SP Tools. Professioneel gereedschap voor werkplaats en industrie.,draft
1-4-bit-torx-20-hol,1/4 BIT TORX 20 HOL,"<h2>BIT 1/4 20 HOLE TORX</h2>
<p>1/4 BIT TORX 2O HOLE</p>",SP Tools,,Products,"SP Tools, Products, HandTools",FALSE,Title,Default Title,BIT-T20H,0,shopify,0,continue,manual,1.545,,https://sptools.eu/9693/14-bit-torx-20-hole.jpg,1,1/4 BIT TORX 20 HOL,1/4 BIT TORX 20 HOL van SP Tools. Professioneel gereedschap voor werkplaats en industrie.,draft
1-4-bit-t25-torx,1/4 BIT T25 TORX,"<h2>BIT 1/4 T25 TORX</h2>
<p>1/4 BIT T25 TORX</p>",SP Tools,,Products,"SP Tools, Products, HandTools",FALSE,Title,Default Title,BIT-T25,0,shopify,0,continue,manual,1.545,,https://sptools.eu/9682/14-bit-t25-torx.jpg,1,1/4 BIT T25 TORX,1/4 BIT T25 TORX van SP Tools. Professioneel gereedschap voor werkplaats en industrie.,draft
1-4-bit-torx-25-hol,1/4 BIT TORX 25 HOL,"<h2>BIT 1/4 25 HOLE TORX</h2>
<p>1/4 BIT TORX 25 HOLE</p>",SP Tools,,Products,"SP Tools, Products, HandTools",FALSE,Title,Default Title,BIT-T25H,0,shopify,0,continue,manual,1.545,,https://sptools.eu/9696/14-bit-torx-25-hole.jpg,1,1/4 BIT TORX 25 HOL,1/4 BIT TORX 25 HOL van SP Tools. Professioneel gereedschap voor werkplaats en industrie.,draft
1-4-bit-t27-torx,1/4 BIT T27 TORX,"<h2>BIT 1/4 T27 TORX</h2>
<p>1/4 BIT T27 TORX</p>",SP Tools,,Products,"SP Tools, Products, HandTools",FALSE,Title,Default Title,BIT-T27,0,shopify,0,continue,manual,1.545,,https://sptools.eu/9683/14-bit-t27-torx.jpg,1,1/4 BIT T27 TORX,1/4 BIT T27 TORX van SP Tools. Professioneel gereedschap voor werkplaats en industrie.,draft
1-4-bit-torx-27-hol,1/4 BIT TORX 27 HOL,"<h2>BIT 1/4 27 HOLE TORX</h2>
<p>1/4 BIT TORX 27 HOLE</p>",SP Tools,,Products,"SP Tools, Products, HandTools",FALSE,Title,Default Title,BIT-T27H,0,shopify,0,continue,manual,1.545,,https://sptools.eu/9697/14-bit-torx-27-hole.jpg,1,1/4 BIT TORX 27 HOL,1/4 BIT TORX 27 HOL van SP Tools. Professioneel gereedschap voor werkplaats en industrie.,draft
1-4-bit-t30-torx,1/4 BIT T30 TORX,"<h2>BIT 1/4 T30 TORX</h2>
<p>1/4 BIT T30 TORX</p>",SP Tools,,Products,"SP Tools, Products, HandTools",FALSE,Title,Default Title,BIT-T30,0,shopify,0,continue,manual,1.545,,https://sptools.eu/9652/14-bit-sl4-saw-cut.jpg,1,1/4 BIT T30 TORX,1/4 BIT T30 TORX van SP Tools. Professioneel gereedschap voor werkplaats en industrie.,draft
1-4-bit-torx-30-hol,1/4 BIT TORX 30 HOL,"<h2>BIT 1/4 30 HOLE TORX</h2>
<p>1/4 BIT TORX 30 HOLE</p>",SP Tools,,Products,"SP Tools, Products, HandTools",FALSE,Title,Default Title,BIT-T30H,0,shopify,0,continue,manual,1.545,,https://sptools.eu/9698/14-bit-torx-30-hole.jpg,1,1/4 BIT TORX 30 HOL,1/4 BIT TORX 30 HOL van SP Tools. Professioneel gereedschap voor werkplaats en industrie.,draft
1-4-bit-t40-torx,1/4 BIT T40 TORX,"<h2>BIT 1/4 T40 TORX</h2>
<p>1/4 BIT T40 TORX</p>",SP Tools,,Products,"SP Tools, Products, HandTools",FALSE,Title,Default Title,BIT-T40,0,shopify,0,continue,manual,1.545,,https://sptools.eu/9647/14-bit-sl4-saw-cut.jpg,1,1/4 BIT T40 TORX,1/4 BIT T40 TORX van SP Tools. Professioneel gereedschap voor werkplaats en industrie.,draft
1-4-bit-torx-40-hol,1/4 BIT TORX 40 HOL,"<h2>BIT 1/4 40 HOLE TORX</h2>
<p>1/4 BIT TORX 40 HOLE</p>",SP Tools,,Products,"SP Tools, Products, HandTools",FALSE,Title,Default Title,BIT-T40H,0,shopify,0,continue,manual,1.545,,https://sptools.eu/9703/14-bit-sl4-saw-cut.jpg,1,1/4 BIT TORX 40 HOL,1/4 BIT TORX 40 HOL van SP Tools. Professioneel gereedschap voor werkplaats en industrie.,draft
1-4-bit-t7-torx,1/4 BIT T7 TORX,"<h2>BIT 1/4 T7 TORX</h2>
<p>1/4 BIT TORX 7</p>",SP Tools,,Products,"SP Tools, Products, HandTools",FALSE,Title,Default Title,BIT-T7,0,shopify,0,continue,manual,1.545,,https://sptools.eu/9640/14-bit-sl4-saw-cut.jpg,1,1/4 BIT T7 TORX,1/4 BIT T7 TORX van SP Tools. Professioneel gereedschap voor werkplaats en industrie.,draft
1-4-bit-torx-7-hol,1/4 BIT TORX 7 HOL,"<h2>BIT 1/4 7 HOLE TORX</h2>
<p>1/4 BIT TORX 7 HOLE</p>",SP Tools,,Products,"SP Tools, Products, HandTools",FALSE,Title,Default Title,BIT-T7H,0,shopify,0,continue,manual,1.545,,https://sptools.eu/9700/14-bit-sl4-saw-cut.jpg,1,1/4 BIT TORX 7 HOL,1/4 BIT TORX 7 HOL van SP Tools. Professioneel gereedschap voor werkplaats en industrie.,draft
1-4-bit-t8-torx,1/4 BIT T8 TORX,"<h2>BIT 1/4 T8 TORX</h2>
<p>1/4 BIT T8 TORX</p>",SP Tools,,Products,"SP Tools, Products, HandTools",FALSE,Title,Default Title,BIT-T8,0,shopify,0,continue,manual,1.545,,https://sptools.eu/9636/14-bit-sl4-saw-cut.jpg,1,1/4 BIT T8 TORX,1/4 BIT T8 TORX van SP Tools. Professioneel gereedschap voor werkplaats en industrie.,draft
1-4-bit-torx-8-hol,1/4 BIT TORX 8 HOL,"<h2>BIT 1/4 8 HOLE TORX</h2>
<p>1/4 BIT TORX 8 HOLE</p>",SP Tools,,Products,"SP Tools, Products, HandTools",FALSE,Title,Default Title,BIT-T8H,0,shopify,0,continue,manual,1.545,,https://sptools.eu/9701/14-bit-sl4-saw-cut.jpg,1,1/4 BIT TORX 8 HOL,1/4 BIT TORX 8 HOL van SP Tools. Professioneel gereedschap voor werkplaats en industrie.,draft
1-4-bit-t9-torx,1/4 BIT T9 TORX,"<h2>BIT 1/4 T9 TORX</h2>
<p>1/4 BIT T9 TORX</p>",SP Tools,,Products,"SP Tools, Products, HandTools",FALSE,Title,Default Title,BIT-T9,0,shopify,0,continue,manual,1.545,,https://sptools.eu/9679/14-bit-sl4-saw-cut.jpg,1,1/4 BIT T9 TORX,1/4 BIT T9 TORX van SP Tools. Professioneel gereedschap voor werkplaats en industrie.,draft
1-4-bit-torx-9-hol,1/4 BIT TORX 9 HOL,"<h2>BIT 1/4 9 HOLE TORX</h2>
<p>1/4 BIT TORX 9 HOLE</p>",SP Tools,,Products,"SP Tools, Products, HandTools",FALSE,Title,Default Title,BIT-T9H,0,shopify,0,continue,manual,1.545,,https://sptools.eu/9702/14-bit-sl4-saw-cut.jpg,1,1/4 BIT TORX 9 HOL,1/4 BIT TORX 9 HOL van SP Tools. Professioneel gereedschap voor werkplaats en industrie.,draft
1-4-bit-ts10-torx-zaagsnede,1/4 BIT TS10 TORX ZAAGSNEDE,"<h2>BIT 1/4 TS10 SLOTTED TORX</h2>
<p>1/4 BIT TS10 TORX SLOTTED</p>",SP Tools,,Products,"SP Tools, Products, HandTools",FALSE,Title,Default Title,BIT-TS10,0,shopify,0,continue,manual,1.545,,https://sptools.eu/9725/14-bit-sl4-saw-cut.jpg,1,1/4 BIT TS10 TORX ZAAGSNEDE,1/4 BIT TS10 TORX ZAAGSNEDE van SP Tools. Professioneel gereedschap voor werkplaats en industrie.,draft
1-4-bit-ts15-torx-zaagsnede,1/4 BIT TS15 TORX ZAAGSNEDE,"<h2>BIT 1/4 TS15 SLOTTED TORX</h2>
<p>1/4 BIT TS15 TORX SLOTTED</p>",SP Tools,,Products,"SP Tools, Products, HandTools",FALSE,Title,Default Title,BIT-TS15,0,shopify,0,continue,manual,1.545,,https://sptools.eu/9722/14-bit-sl4-saw-cut.jpg,1,1/4 BIT TS15 TORX ZAAGSNEDE,1/4 BIT TS15 TORX ZAAGSNEDE van SP Tools. Professioneel gereedschap voor werkplaats en industrie.,draft
1-4-bit-ts20-torx-zaagsnede,1/4 BIT TS20 TORX ZAAGSNEDE,"<h2>BIT 1/4 TS20 SLOTTED TORX</h2>
<p>1/4 BIT TS20 TORX SLOTTED</p>",SP Tools,,Products,"SP Tools, Products, HandTools",FALSE,Title,Default Title,BIT-TS20,0,shopify,0,continue,manual,1.545,,https://sptools.eu/9721/14-bit-sl4-saw-cut.jpg,1,1/4 BIT TS20 TORX ZAAGSNEDE,1/4 BIT TS20 TORX ZAAGSNEDE van SP Tools. Professioneel gereedschap voor werkplaats en industrie.,draft
1-4-bit-ts25-torx-zaagsnede,1/4 BIT TS25 TORX ZAAGSNEDE,"<h2>BIT 1/4 TS25 SLOTTED TORX</h2>
<p>1/4 BIT TS25 TORX SLOTTED</p>",SP Tools,,Products,"SP Tools, Products, HandTools",FALSE,Title,Default Title,BIT-TS25,0,shopify,0,continue,manual,1.545,,https://sptools.eu/9719/14-bit-sl4-saw-cut.jpg,1,1/4 BIT TS25 TORX ZAAGSNEDE,1/4 BIT TS25 TORX ZAAGSNEDE van SP Tools. Professioneel gereedschap voor werkplaats en industrie.,draft
1-4-bit-ts27-torx-zaagsnede,1/4 BIT TS27 TORX ZAAGSNEDE,"<h2>BIT 1/4 TS27 SLOTTED TORX</h2>
<p>1/4 BIT TS27 TORX SLOTTED</p>",SP Tools,,Products,"SP Tools, Products, HandTools",FALSE,Title,Default Title,BIT-TS27,0,shopify,0,continue,manual,1.545,,https://sptools.eu/9718/14-bit-sl4-saw-cut.jpg,1,1/4 BIT TS27 TORX ZAAGSNEDE,1/4 BIT TS27 TORX ZAAGSNEDE van SP Tools. Professioneel gereedschap voor werkplaats en industrie.,draft
1-4-bit-ts30-torx-zaagsnede,1/4 BIT TS30 TORX ZAAGSNEDE,"<h2>BIT 1/4 TS30 SLOTTED TORX</h2>
<p>1/4 BIT TS30 TORX SLOTTED</p>",SP Tools,,Products,"SP Tools, Products, HandTools",FALSE,Title,Default Title,BIT-TS30,0,shopify,0,continue,manual,1.545,,https://sptools.eu/9717/14-bit-sl4-saw-cut.jpg,1,1/4 BIT TS30 TORX ZAAGSNEDE,1/4 BIT TS30 TORX ZAAGSNEDE van SP Tools. Professioneel gereedschap voor werkplaats en industrie.,draft
1-4-bit-ts40-torx-zaagsnede,1/4 BIT TS40 TORX ZAAGSNEDE,"<h2>BIT 1/4 TS40 SLOTTED TORX</h2>
<p>1/4 BIT TS40 TORX SLOTTED</p>",SP Tools,,Products,"SP Tools, Products, HandTools",FALSE,Title,Default Title,BIT-TS40,0,shopify,0,continue,manual,1.545,,https://sptools.eu/9716/14-bit-sl4-saw-cut.jpg,1,1/4 BIT TS40 TORX ZAAGSNEDE,1/4 BIT TS40 TORX ZAAGSNEDE van SP Tools. Professioneel gereedschap voor werkplaats en industrie.,draft
1-4-bit-ts45-torx-zaagsnede,1/4 BIT TS45 TORX ZAAGSNEDE,"<h2>BIT 1/4 TS45 SLOTTED TORX</h2>
<p>1/4 BIT TS45 TORX SLOTTED</p>",SP Tools,,Products,"SP Tools, Products, HandTools",FALSE,Title,Default Title,BIT-TS45,0,shopify,0,continue,manual,1.545,,https://sptools.eu/9715/14-bit-sl4-saw-cut.jpg,1,1/4 BIT TS45 TORX ZAAGSNEDE,1/4 BIT TS45 TORX ZAAGSNEDE van SP Tools. Professioneel gereedschap voor werkplaats en industrie.,draft
1-4-bit-ts50-torx-zaagsnede,1/4 BIT TS50 TORX ZAAGSNEDE,"<h2>BIT 1/4 TS50 SLOTTED TORX</h2>
<p>1/4 BIT TS50 TORX SLOTTED</p>",SP Tools,,Products,"SP Tools, Products, HandTools",FALSE,Title,Default Title,BIT-TS50,0,shopify,0,continue,manual,1.545,,https://sptools.eu/9714/14-bit-sl4-saw-cut.jpg,1,1/4 BIT TS50 TORX ZAAGSNEDE,1/4 BIT TS50 TORX ZAAGSNEDE van SP Tools. Professioneel gereedschap voor werkplaats en industrie.,draft
1-4-bit-ts8-torx-zaagsnede,1/4 BIT TS8 TORX ZAAGSNEDE,"<h2>BIT 1/4 TS8 SLOTTED TORX</h2>
<p>1/4 BIT TS8 TORX SLOTTED</p>",SP Tools,,Products,"SP Tools, Products, HandTools",FALSE,Title,Default Title,BIT-TS8,0,shopify,0,continue,manual,1.545,,https://sptools.eu/9723/14-bit-sl4-saw-cut.jpg,1,1/4 BIT TS8 TORX ZAAGSNEDE,1/4 BIT TS8 TORX ZAAGSNEDE van SP Tools. Professioneel gereedschap voor werkplaats en industrie.,draft
1-4-bit-ts9-torx-zaagsnede,1/4 BIT TS9 TORX ZAAGSNEDE,"<h2>BIT 1/4 TS9 SLOTTED TORX</h2>
<p>1/4 BIT TS9 TORX SLOTTED</p>",SP Tools,,Products,"SP Tools, Products, HandTools",FALSE,Title,Default Title,BIT-TS9,0,shopify,0,continue,manual,1.545,,https://sptools.eu/9724/14-bit-sl4-saw-cut.jpg,1,1/4 BIT TS9 TORX ZAAGSNEDE,1/4 BIT TS9 TORX ZAAGSNEDE van SP Tools. Professioneel gereedschap voor werkplaats en industrie.,draft
1-4-bit-u10,1/4 BIT U10,"<h2>BIT 1/4 U10</h2>
<p>1/4 BIT U10</p>",SP Tools,,Products,"SP Tools, Products, HandTools",FALSE,Title,Default Title,BIT-U10,0,shopify,0,continue,manual,1.545,,https://sptools.eu/9678/14-bit-sl4-saw-cut.jpg,1,1/4 BIT U10,1/4 BIT U10 van SP Tools. Professioneel gereedschap voor werkplaats en industrie.,draft
1-4-bit-u6,1/4 BIT U6,"<h2>BIT 1/4 U6</h2>
<p>1/4 BIT U6</p>",SP Tools,,Products,"SP Tools, Products, HandTools",FALSE,Title,Default Title,BIT-U6,0,shopify,0,continue,manual,1.545,,https://sptools.eu/9676/14-bit-sl4-saw-cut.jpg,1,1/4 BIT U6,1/4 BIT U6 van SP Tools. Professioneel gereedschap voor werkplaats en industrie.,draft
1-4-bit-u8,1/4 BIT U8,"<h2>BIT 1/4 U8</h2>
<p>1/4 BIT U8</p>",SP Tools,,Products,"SP Tools, Products, HandTools",FALSE,Title,Default Title,BIT-U8,0,shopify,0,continue,manual,1.545,,https://sptools.eu/9677/14-bit-sl4-saw-cut.jpg,1,1/4 BIT U8,1/4 BIT U8 van SP Tools. Professioneel gereedschap voor werkplaats en industrie.,draft
